classification_simplified,Average_Closed_PnL,Total_Volume_USD,Total_Trades
Fear,49.212077443108235,597809051.23,83237
Greed,53.88228122956974,413047659.29,90295
Neutral,34.30771839807886,180242063.08,37686
